Genero;Idade;Frequencia de uso da app Pingo Doce;Recomendacao da app Pingo Doce;Intuicao da app Pingo Doce;Nota da app Pingo Doce;Tempo usando a plataforma Pingo Doce?;Tempo de assistencia tecnica da app Pingo Doce;Frequencia de uso da app Continente;Recomendacao da app Continente;Intuicao da app Continente;Nota da app Continente;Tempo usando a plataforma Continente?;Tempo de assistencia tecnica da app Continente
2;19;2;4;4;4;5;0;;;;;;
2;20;1;5;5;4;3;0;1;5;5;5;6;0
2;31;;;;;;;;;;;;
2;21;2;4;4;3;2;6;4;3;3;3;5;7
2;20;1;4;3;3;6;0;1;3;3;3;4;0
2;23;3;3;3;3;1;0;;;;;;
2;19;1;4;3;3;8;0;2;4;4;4;8;0
2;25;4;5;4;5;13;1;;;;;;
2;24;;;;;;;2;3;2;3;7;4
1;20;;;;;;;;;;;;
1;20;;;;;;;1;2;2;0;2;0
2;22;;;;;;;;;;;;
1;20;;;;;;;;;;;;
2;19;2;3;3;3;2;0;2;4;4;4;3;0
1;20;1;1;2;2;10;0;1;3;3;3;3;0
1;25;;;;;;;;;;;;
1;20;;;;;;;3;3;2;3;3;1
1;19;;;;;;;;;;;;
1;20;;;;;;;3;4;5;5;1;1
1;25;;;;;;;2;3;4;4;8;6
2;20;;;;;;;;;;;;
1;20;;;;;;;;;;;;
2;20;;;;;;;;;;;;
1;20;;;;;;;3;3;0;4;8;1
1;20;;;;;;;1;3;4;4;7;0
2;54;3;3;3;4;6;0;4;4;3;3;9;0
1;34;;;;;;;4;4;4;4;5;1
1;38;;;;;;;5;4;4;5;8;5
2;28;;;;;;;;;;;;
2;25;2;2;3;3;20;11;1;1;1;4;15;3
